text,label,notes,source
Man I'm starting to get delusional about the Finals,reaction,emotional anticipation,thread_1
It isn’t delusional. Knicks are having the most dominant 10-game playoff stretch in history. The numbers actually back that up.,analysis,uses statistical/historical reasoning,thread_1
Knicks have been elite on both ends. I don’t believe it’s delusion.,hot_take,asserts elite performance without detailed supporting evidence,thread_1
"The Knicks are playing so well, winning by 13 feels like a disappointment",reaction,emotional reaction to dominance,thread_1
"With the 13 point win tonight, the Knicks get their 10th double digit win in the playoffs through the conference finals. This ties the record set by the 2013 Heat and 2017 Warriors.",analysis,uses specific playoff record comparison,thread_1
Manhattan boutta be a warzone,reaction,event-based emotional reaction,thread_1
"Don't even bother watching game 4, this shit is over unless the Knicks want to celebrate going to the finals on their homecourt lol",hot_take,bold series prediction,thread_1
Crazy how great Shamet has been these playoffs. The trust Mike Brown has in him is awesome to see.,analysis,player performance reasoning,thread_1
"A sign of great coaching. His size, hustle, defense and willingness to shoot has been huge.",analysis,specific basketball role reasoning,thread_1
"His defense on Mitchell was great too, put on a clinic on fighting over screens.",analysis,specific defensive observation,thread_1
Gotta be it for the Mitchell-Mobley-Allen formulation of the team right,hot_take,strong roster conclusion,thread_1
Europeans that are flying into the city for the World Cup about to be hit with Knicks fever,reaction,joking event reaction,thread_1
Oh lord I haven’t even thought about the potential of the Knicks celebrating winning the NBA Championship AND the World Cup starting at the same time.,reaction,event-based reaction,thread_1
I can hear the FUCK TRAE YOUNG shouts already,reaction,fan reaction,thread_1
I cannot believe the Knicks are one win away from going to the Finals,reaction,emotional disbelief,thread_1
Rockets only 15 professional basketball players away from the Finals. Sometimes it’s just the missing piece,reaction,joking reaction,thread_1
Every Knick win is an upscale for The Hawks,hot_take,bold team comparison,thread_1
It's like the Mavs in 2014. Spurs won 12 of 16 by 15+ and won the ring. By far their most difficult series was round 1.,analysis,historical comparison,thread_1
Ngl I’m loving this shit,reaction,emotional reaction,thread_1
Hawks were the only team to challenge the Knicks. Everyone better put some respect on the Hawks.,hot_take,bold team claim,thread_1
Forced the Knicks to achieve their final form,reaction,meme-style reaction,thread_1
Caw caw mother fuckers,reaction,fan meme reaction,thread_1
"CJ McCollum is a bigger threat than Maxey, Embiid, Harden and Mitchell.",hot_take,bold player comparison,thread_1
Mikal Bridges is shooting 75% this series let me know if thats good,analysis,uses shooting statistic,thread_1
"The Knicks played, and were coached like the team that was down 2-0. And that was the difference.",analysis,coaching and mentality reasoning,thread_1
The difference is the Knicks are just the much better team.,hot_take,strong unsupported team claim,thread_1
Where do the Cavs even go from here?,hot_take,broad roster concern,thread_1
Cancun,reaction,meme reaction,thread_1
They don't control their first round picks until 2030. Utah controls their picks because of the Mitchell trade.,analysis,specific roster/draft reasoning,thread_1
No shot this is real life bro lol,reaction,emotional disbelief,thread_1
"After damn near 30 years of suffering, it feels like a dream",reaction,personal emotional response,thread_1
I’m in heaven bro,reaction,personal emotional response,thread_1
"This is probably the most overall talented roster Mike Brown has had, and he's done a great job keeping them on-track and working together.",analysis,coaching and roster reasoning,thread_1
This is a redemption season for Mike Brown as much as it is for the Knicks.,hot_take,broad narrative claim,thread_1
The Knicks offense is statistically the greatest offense of all time in the last 10 games.,analysis,specific statistical claim,thread_1
Everyones saying all 5 guys quit but he still at least gave a shit.,hot_take,effort judgment without specific support,thread_1
"Imagine telling NBA fans in 2020 that Jalen Brunson would win Finals MVP and a ring before Luka Doncic, leading one of the most dominant Finals runs ever.",hot_take,bold historical comparison without deeper reasoning,thread_2
In the conversation for the best Knick of all time.,hot_take,bold legacy ranking,thread_2
"He's immediately top 3 now for sure. Clyde, Reed, Brunson.",hot_take,strong player ranking,thread_2
Just go back and look at that thread when the Knicks initially signed him. It went from LOLKnicks overpaying for a bum to a championship.,analysis,uses historical community reaction as evidence,thread_2
"Your front office deserves a lot of credit. Brunson, Mikal, OG, and KAT all got criticized, but it all worked out.",analysis,front-office reasoning,thread_2
Imagine a front office so incompetent that they somehow lose both Jalen Brunson and Luka Doncic for basically nothing.,hot_take,strong criticism,thread_2
"Even crazier, imagine telling NBA fans in 2020 that KAT would eventually leave Minnesota and win a championship before Joel Embiid.",hot_take,bold comparison,thread_2
When Wemby did a reckless closeout on a three that didn't get called.,analysis,specific injury/play explanation,thread_2
Makes his performance all the more impressive if he got hurt. Literally sacrificed everything for the franchise to finally break the curse.,reaction,emotional praise tied to injury/performance moment,thread_2
I swear Brunson getting a mild injury mid-game activates his avatar state or something.,reaction,joking reaction,thread_2
Rolled his ankle earlier in the game when Wemby closed out and got under his feet.,analysis,specific play explanation,thread_2
Probably when Wemby should have gotten that flagrant.,hot_take,officiating opinion,thread_2
0-0 mindset wins championships.,hot_take,broad unsupported claim,thread_2
I thought the WCF was the real finals?,hot_take,sarcastic hot take,thread_2
"If not for Hali injury in game 7, I believe last 3 years the champs would have all been from the east.",hot_take,speculative claim,thread_2
De’Aaron Fox did more to help this team win than Dolan.,hot_take,provocative blame claim,thread_2
Fox is terrible but Mitch watching him bomb time after time and keeping him in for 37 minutes was awful. Knicks deserve it for having a competent fourth quarter coach.,analysis,specific coaching and rotation reasoning,thread_2
"I looked up the box score, Fox is the only starter with a positive plus-minus.",analysis,uses box-score evidence,thread_2
"He took the max on his extension at the time. If he had waited one more year, he could have had an extra 130 million in his contract.",analysis,contract explanation with specific detail,thread_2
"You can see how much it means to him, dude deserves it.",reaction,emotional praise,thread_2
"Champion in high school, college, and the NBA. Some guys are just winners.",hot_take,broad winner narrative,thread_2
Just goes to show efficiency doesn't matter as much as getting buckets when you need them most.,hot_take,broad basketball claim,thread_2
He was tremendously efficient tonight in a 94-90 game.,analysis,uses game context and efficiency,thread_2
"Saying that mostly for his Game 1 performance where he shot 12-31, but nobody that watched the game will say he didn't win them that game too.",analysis,specific game evidence,thread_2
Efficiency matters a lot less when a guy is constantly asking for the ball in bad situations like when the shot clock is running down.,analysis,basketball reasoning about shot quality,thread_2
Well deserved. Happy for him and KAT.,reaction,congratulatory reaction,thread_2
WHO LET THE DOGS OUT?,reaction,meme reaction,thread_2
"Analytically, the Cavs just won the NBA Championship.",hot_take,sarcastic analytics claim,thread_2
KNICKS LEGEND.,reaction,celebratory reaction,thread_2
A new religion in NY called Brunsonism will soon be very popular.,reaction,joking fan reaction,thread_2
Agent Fox should be the co-winner. I feel bad for the whole Spurs fanbase.,hot_take,sarcastic blame claim,thread_2
"THE GREATEST PLAYER TO EVER PUT ON A KNICKS JERSEY, MY GOAT.",hot_take,extreme legacy claim,thread_2
"Goddamn I can’t believe I’m tearing up but man, he deserves it.",reaction,emotional response,thread_2
Congratulations to the Knicks. They did what they had to and earned it. Spurs had their chances.,reaction,congratulatory response rather than argument,thread_2
EVERYTHING I DO IS FOR JALEN BRUNSON.,reaction,emotional fan reaction,thread_2
That 2018 draft is going to go down as one of the greatest in history.,hot_take,broad historical claim,thread_2
"It's sad that OG gets no credit despite being their best defender, their most efficient scorer, and winning the team multiple games.",analysis,uses role-based evidence,thread_2
Because the Spurs don’t run an actual offense.,hot_take,strong unsupported criticism,thread_3
Spurs would have won just taking 24 second violations all half. Instead they just kept chucking threes.,analysis,specific clock-management reasoning,thread_3
"Johnson deserves so much flak for this. There is a lot of blame to go around, but coaching is probably the biggest issue this game.",analysis,assigns blame with reasoning,thread_3
I was screaming at the TV so much. Use the whole clock. It’s not complicated.,reaction,emotional response with basic strategy,thread_3
We 28-3 this shit. Whoever is a Spurs/Falcons fan I'm so sorry.,reaction,meme reaction,thread_3
"They would've won if Mitch Johnson was ready for this moment, but he clearly isn't.",hot_take,strong coaching judgment,thread_3
100 percent on the coaching. All they had to do was slow the game down and settle down on defense.,analysis,specific strategic reasoning,thread_3
He was terrible but the players also made some terrible decisions. What was Fox thinking at the end?,analysis,balanced blame and specific event,thread_3
Knicks were in the penalty early. They could have drove and gotten free throws.,analysis,specific game-state reasoning,thread_3
"Like watching the Warriors lose a game and not giving Curry the ball in the clutch, Mitch Johnson is insane.",hot_take,strong comparison and criticism,thread_3
The biggest choke job in NBA history.,hot_take,extreme historical claim,thread_3
Fox had the ball with an open net. Could have run the clock. Hit the layup. Doesn't do either. Loses game.,analysis,specific play breakdown,thread_3
This complete idiocy wasn't covered by the TV unit. They never showed the block or discussed how truly dumb Fox was in that moment.,hot_take,strong criticism,thread_3
He could’ve run off three seconds before getting fouled and then shot free throws.,analysis,specific end-game reasoning,thread_3
He has to see OG chasing him down. Just dribble to the corner.,analysis,specific play decision reasoning,thread_3
"If he just stood there and did nothing, they have to foul him and he should get at least one, likely two points.",analysis,specific late-game reasoning,thread_3
He could have done nothing and it would have been a better play. This is now the second game where the Spurs have lacked composure in the final seconds.,analysis,specific reasoning and pattern,thread_3
Top 5 choke in sports history.,hot_take,extreme historical claim,thread_3
Largest blown lead in Finals history.,analysis,specific factual claim,thread_3
Spurs are finished.,hot_take,bold unsupported prediction,thread_3
That was unbelievable. I think they will be emotionally finished after this. A 29 point lead in the Finals and you lose?,hot_take,bold prediction based on collapse,thread_3
They’re shaken to the core. Nobody wanted that ball in the fourth.,hot_take,psychological claim,thread_3
Coach didn't even want to call a timeout to call a play. Everyone was rattled and had zero confidence.,analysis,specific coaching criticism,thread_3
I wouldn’t be surprised if the Spurs are finished after this bad of a loss and Knicks win Game 5 by 30 or so.,hot_take,bold prediction,thread_3
There’s simply no way you come back from that.,hot_take,strong unsupported prediction,thread_3
That is Atlanta Falcons esque of a choke.,hot_take,sports comparison hot take,thread_3
All time choke job.,hot_take,extreme claim,thread_3
"Dude, fire him into the sun. Dumbest play since JR’s rebound.",hot_take,extreme player criticism,thread_3
How do you not just hold onto the ball?,reaction,frustrated reaction,thread_3
Legitimately basketball terrorism. Why are you going up against OG Anunoby for a layup when you have the lead and the ball? Just hold the ball and get to the free throw line.,analysis,specific play reasoning,thread_3
"Wemby missing those two free throws, Hart blowing a wide open layup, tons of bad plays this game all around.",analysis,lists specific game mistakes,thread_3
This is actually insane.,reaction,immediate emotional response,thread_3
Knicks found the way to make sure we never win again. Just let us start strong but for longer.,reaction,joking reaction,thread_3
That block and tip. Winning player.,reaction,short praise/reaction to specific play,thread_3
No way that happened lmao.,reaction,immediate disbelief,thread_3
Holy shit what a game. OG can have my kids.,reaction,emotional game reaction,thread_3
WHAT THE FUCK DID I JUST WITNESS.,reaction,immediate emotional response,thread_3
Biggest comeback in Finals history. This is the worst basketball choke in living memory.,analysis,specific historical comparison,thread_3
Largest lead ever overcome in an NBA Finals. New York may burn more from this than a loss.,analysis,specific factual claim with reaction,thread_3
One of the most memorable games I’ve ever watched and I’ve been watching the NBA for over 40 years.,reaction,personal emotional reaction,thread_3
What do the Spurs offensive gameplans look like? Just curious.,hot_take,sarcastic criticism,thread_3
"Castle was open going back door. Could have scored off of a good pass, but it looks like Towns tipped it.",analysis,specific play observation,thread_3
It involves blowing a 29 point lead where their players just pull up and start chucking threes instead of eating the clock.,analysis,specific offensive strategy criticism,thread_3
This or the Pats-Falcons for sure. They could have dribbled out every possession and chucked a prayer three and gotten a better result up 29.,analysis,specific comparison and strategy reasoning,thread_3
You could feel it the whole second half. The Knicks were just chipping away the whole time.,analysis,game-flow observation,thread_3
Spurs don't deserve to win this series after that.,hot_take,strong unsupported judgment,thread_3
14 and 16 point quarters. Generational bottle job.,hot_take,stat used as ammunition for bold insult rather than argument,thread_3
What a game.,reaction,short emotional reaction,thread_3
"This game really showed the Spurs’ youth and inexperience. More seasoned teams would have slowed the tempo down, not tried as many quick threes.",analysis,clear reasoning about team weakness,thread_3
"OG is one of the only players in this Finals with a ring and he was by far the most composed player. Massive threes, huge defensive plays, and a dagger tip-in showed the importance of experience.",analysis,specific player reasoning,thread_3
Kawhi has the best PR ever.,hot_take,strong reputation claim,thread_4
Over Harden is insanity.,hot_take,strong ranking disagreement,thread_4
Seems like Kawhi has been getting by on reputation for 5 years.,hot_take,strong unsupported reputation claim,thread_4
"A lot of this is also a big popularity contest. A ton of players still like or respect Kawhi, so he’ll be up here as long as he’s still playing.",analysis,explains ranking through popularity and reputation,thread_4
"OKC has 8 players in the top 100, crazy.",reaction,surprised reaction to list,thread_4
"If you look at WAR or Net Points leaders, OKC is stacked at the top too. Crazy team again this year.",analysis,uses metrics to support ranking,thread_4
"Shai, Chet, Dub, IHart, Caruso, Dort, Wallace, and Ajay all being listed seems pretty reasonable.",analysis,evaluates list with player-specific reasoning,thread_4
How is Kawhi at 20 and James Harden lower than him? Kawhi is always hurt and has been more mid than star lately.,analysis,ranking disagreement with reasoning,thread_4
The gap between Kawhi’s reputation and his actual performance has baffled me pretty much his entire Clippers tenure.,analysis,compares reputation to performance,thread_4
"Most NBA fans fail to understand that even when he's playing, he hasn't been a superstar for like 4 years now.",hot_take,strong player decline claim,thread_4
He had one great game in the playoffs vs Denver and everyone was saying he was better than Shai.,hot_take,sarcastic reputation criticism,thread_4
"But they put Embiid at 70 again to be performative, despite him being much better than Kawhi healthy.",hot_take,strong ranking criticism,thread_4
Embiid should not be ranked. He will never be healthy again.,hot_take,extreme injury prediction,thread_4
You can’t just disregard a player's biggest weakness when talking about rankings. That’s like saying Westbrook is the best player ever if we assume he shoots well from three.,analysis,clear reasoning about availability and ranking logic,thread_4
The whole point of the list is to get you to talk about it.,analysis,explains list as engagement bait,thread_4
The top 6 being from 6 different countries is super cool.,reaction,positive reaction to list detail,thread_4
Kon at 89 and Cooper at 67. Come on.,hot_take,ranking disagreement,thread_4
This list has always relied more on reputation than actual production. I have to imagine it’s for clicks because there’s no universe where Flagg is better right now.,analysis,explains ranking issue with reasoning,thread_4
"For rookies, what else is there to go off of besides this season? Flagg is good for a rookie but Knueppel is better right now.",analysis,ranking reasoning about rookies,thread_4
Cooper does not belong anywhere near this list.,hot_take,strong ranking claim,thread_4
How is Harden lower than his teammates when he is the number one option on the Clippers?,analysis,ranking disagreement with role evidence,thread_4
Not saying OKC doesn't deserve it but this list is absolute garbage after 1-10.,hot_take,strong list criticism,thread_4
"The list says it ranks players making the biggest impact right now, but Jalen Williams hasn't played and Kawhi is over Harden.",analysis,uses list criteria to critique ranking,thread_4
What we want is a real-time list that drops a player 10 spots the moment they commit a turnover.,reaction,joking reaction to ranking discourse,thread_4
"Austin Reaves may not be better than everyone ahead of him, but he has been playing better than a number of the guys ahead of him.",analysis,compares current performance to ranking,thread_4
OKC has three players on the Basketball Reference MVP tracker. They basically have two good starting rosters and assets to improve without losing depth.,analysis,uses evidence to explain OKC depth,thread_4
"Denver this year and next, the Spurs taking leaps, and injuries are the only hope the field has against OKC.",hot_take,bold prediction about league outlook,thread_4
"I've seen Mobley enough to know he's way overrated here. If he can't look good without Garland and Allen, he's not a top 20 player.",analysis,ranking claim with supporting condition,thread_4
Evan Mobley at 16 is a joke.,hot_take,strong ranking criticism,thread_4
Derrick White over Powell while shooting 35 percent from the field is wild.,analysis,uses shooting stat to criticize ranking,thread_4
Cooper Flagg should not be on this list.,hot_take,strong ranking claim,thread_4
15/5/6 with below average scoring efficiency and bad three point shooting means he’s not there yet.,analysis,uses stats to support ranking opinion,thread_4
Wemby being top 5 already is wild. He has never made the playoffs and never played at a top 5 level for a full season.,analysis,uses playoff and season sample reasoning,thread_4
He’s not the fifth best player in the league. He almost certainly will be the number one player soon though.,analysis,balanced present vs future evaluation,thread_4
Brunson vs Cade is interesting. They are frequently ranked neck and neck with each other.,analysis,comparison-based ranking comment,thread_4
I do not think Detroit is a better team with Brunson instead of Cade.,hot_take,team-fit ranking claim,thread_4
"As much as I want to say Cade is better, I’d give Brunson an edge for now because of a larger playoff sample size.",analysis,ranking decision with evidence,thread_4
"If Zach LaVine can be at 64, then Keyonte George scoring more with more playmaking responsibility should be somewhere in the top 100.",analysis,comparative ranking argument,thread_4
Embiid at 71 is weird because stars in similar limbo like Kawhi don't get similar treatment.,analysis,availability/ranking consistency argument,thread_4
"Scottie is still ranked so low, and Evan Mobley is still so high, especially over Maxey.",hot_take,ranking disagreement,thread_4
"Jalen Johnson above Lauri, Siakam, Jimmy Butler, Bam, Chet, Jamal Murray, Reaves, and Randle seems premature.",analysis,ranking critique with comparison list,thread_4
"Jalen Johnson is averaging 22, 10, and 7 on 55/39/80 splits, so you can argue he has had a better year than those names.",analysis,uses stats to support ranking,thread_4
"Reminder this is a combined ranking list of seven people at The Ringer, not just Bill Simmons.",analysis,explains ranking process,thread_4
"The top 5 is on point, including the order.",hot_take,unsupported ranking approval,thread_4
"Jokic, Shai, Giannis, and Luka are clearly a step above everyone else right now.",hot_take,strong tier claim,thread_4
"Wemby feels wrong at 5 because he is elite defensively but up and down on offense, and durability has to be factored in.",analysis,balanced ranking reasoning,thread_4
Reaves should be higher. Wemby should not be top 5. You can't have AD at 20 if he's played 5 games.,analysis,ranking critique with availability reasoning,thread_4
"Lauri Markkanen at 26 above Bam, Holmgren, Scottie, Paolo, Murray, and Reaves is questionable.",hot_take,ranking disagreement,thread_4
"Jaden McDaniels is having a great season, averaging 16.5, 4.8, and 2.3 with over two stocks per game while playing all-defense level defense.",analysis,uses stats and role to evaluate ranking,thread_4
"Oh, those are much louder than what was shown on TV.",reaction,immediate reaction to arena audio,thread_5
That is insane. So much easier to tell they’re boos.,reaction,surprised reaction,thread_5
"I wouldn’t put it past Disney for this to be nefarious, but NBA sound mixing has always been so bad that I assume it was normal incompetence.",analysis,balanced explanation of broadcast audio,thread_5
During the national anthem is a crazy time to get booed.,reaction,event reaction,thread_5
Probably thought it was the safest time to show him and it backfired beautifully.,analysis,explains event timing,thread_5
Let’s show him when it’s otherwise absolutely silent.,reaction,joking reaction,thread_5
"That’s why the crowd cheered extra loudly for the singer at the end, to make it clear they weren’t booing him or the anthem.",analysis,interprets crowd behavior,thread_5
That’s not the clip that will be shown on Fox News.,hot_take,media framing claim,thread_5
They thought they were slick. There’s no way they’ll boo during the national anthem.,reaction,sarcastic reaction,thread_5
ABC lowered the volume of the booing on the telecast.,analysis,specific broadcast claim,thread_5
They couldn’t even get it low enough.,reaction,joking reaction,thread_5
I heard TSN let them be heard full blast on their broadcast.,analysis,broadcast comparison,thread_5
Why is he saluting lol.,reaction,short event reaction,thread_5
"He wasn’t saluting the whole time either, just when he knew he would be on camera.",hot_take,performative behavior claim,thread_5
They thought nobody would boo during the anthem.,analysis,explains arena decision,thread_5
"Could be louder, not gonna lie.",reaction,immediate reaction,thread_5
They did him a massive favor by cutting to him during the anthem.,analysis,explains broadcast timing,thread_5
This was definitely the case. They thought showing him when most fans wouldn’t be paying attention would lessen the blow.,analysis,event interpretation,thread_5
Still happy to hear obvious boos.,reaction,emotional reaction,thread_5
This is the rich crowd.,hot_take,crowd-class claim,thread_5
It’s New York. Trump lost by like a billion points there.,hot_take,exaggerated location-based claim,thread_5
So shitty of them to use that moment to show him on the jumbo and undercut the singer.,reaction,emotional criticism,thread_5
Probably was intentional to use the national anthem singer as a meat shield of sorts to soften the boos.,analysis,specific strategic interpretation,thread_5
They knew what they were doing and it still didn’t work.,reaction,event reaction,thread_5
They probably did it because they thought the fans wouldn’t boo during the song.,analysis,explains likely decision logic,thread_5
If real Knicks fans could afford tickets those boos would have been deafening.,hot_take,crowd-class claim,thread_5
New Yorkers have hated him long before the rest of the country caught on.,hot_take,broad location-based claim,thread_5
Why is he saluting?,reaction,short event reaction,thread_5
He’s crying inside.,reaction,mocking reaction,thread_5
Waiting for r/conservative to call this fake.,reaction,joking reaction,thread_5
"They weren’t booing Trump, they were booing the Spurs or the singer.",reaction,sarcastic reaction,thread_5
Should be way louder for talking all that stuff.,reaction,emotional reaction,thread_5
That’s the clearest video of it I’ve heard so far.,analysis,source-quality observation,thread_5
Love that NY made sure to land the boos even through the anthem.,reaction,positive emotional reaction,thread_5
Wish the boos were louder honestly.,reaction,immediate reaction,thread_5
"If tickets weren’t so expensive, they would have been louder.",analysis,explains crowd composition,thread_5
Wemby got louder boos than the President.,hot_take,provocative comparison,thread_5
The fact that there were any boos at all during the anthem speaks volumes.,analysis,interprets significance of event,thread_5
