text,label,notes,source_url
"You gotta shoutout the front office in this one too. Signing Jalen Brunson in the offseason when people had doubt if he was worth all the money for that many years, trading 4 unprotected 1st round picks for Mikal. All worth it in the end. See you guys in 50 years.",analysis,"uses specific reasoning, context, or evidence",https://www.reddit.com/r/nba/comments/1u5a8fy/the_new_york_knicks_are_your_2026_nba_champions/
"Bro have some dignity and just own what happened. Otherwise just say nothing, this is only making it worse.",analysis,kept as analysis after review,https://www.reddit.com/r/nba/comments/1ubonhe/durant_on_warriors_i_didnt_have_no_relationship/
"I'm actually sick over how unclutch this spurs team was, this entire series. I've never seen anything like it. Missing layups, free throws, 50/50 balls, fouling on 3, turning the ball over in the clutch, you name it, the spurs were good for it.",analysis,"uses specific reasoning, context, or evidence",https://www.reddit.com/r/nba/comments/1u5a8fy/the_new_york_knicks_are_your_2026_nba_champions/
Foul trouble doesn’t matter anymore we fucking won,analysis,kept as analysis after review,https://www.reddit.com/r/nba/comments/1u5arnt/highlight_thank_you_mama_i_appreciate_you_getting/
"I think this is why LeBron can't retire. When more than half of your life you've been in the NBA, it's hard to leave. It's all he knows.",analysis,kept as analysis after review,https://www.reddit.com/r/nba/comments/1ubr597/espn_gregg_popovich_once_called_steve_kerr_to/
I do think Pop would have walked away sooner if his wife hadn't passed away. After that he just stuck with it until he literally couldn't.,analysis,"uses specific reasoning, context, or evidence",https://www.reddit.com/r/nba/comments/1ubr597/espn_gregg_popovich_once_called_steve_kerr_to/
Kerr would do an amazing job with Wemby and the Spurs,analysis,kept as analysis after review,https://www.reddit.com/r/nba/comments/1ubr597/espn_gregg_popovich_once_called_steve_kerr_to/
Man I can't fucking believe it. last year these guys were yelling at each other on the sideline in the ECF. Now they're champions after all accepting their roles. Fucking incredible.,analysis,"uses specific reasoning, context, or evidence",https://www.reddit.com/r/nba/comments/1u5arnt/highlight_thank_you_mama_i_appreciate_you_getting/
And Kerr followed in his footsteps,analysis,kept as analysis after review,https://www.reddit.com/r/nba/comments/1ubr597/espn_gregg_popovich_once_called_steve_kerr_to/
Pop hit Kerr with the NBA version of ‘you up?’ a week later,analysis,kept as analysis after review,https://www.reddit.com/r/nba/comments/1ubr597/espn_gregg_popovich_once_called_steve_kerr_to/
These podcasts are gonna be death of some NBA players reputation. Whew,analysis,kept as analysis after review,https://www.reddit.com/r/nba/comments/1ubonhe/durant_on_warriors_i_didnt_have_no_relationship/
Insane chokejob all series long by San Antonio,analysis,kept as analysis after review,https://www.reddit.com/r/nba/comments/1u5a8fy/the_new_york_knicks_are_your_2026_nba_champions/
"KD, they had won 73 games and were inches away from going back to back with the same core you joined. Just admit you went there because you didn’t think you could win in OKC and move on.",analysis,"uses specific reasoning, context, or evidence",https://www.reddit.com/r/nba/comments/1ubonhe/durant_on_warriors_i_didnt_have_no_relationship/
Kerr would have a done a great media personality if he wanted to walk away from competing,analysis,kept as analysis after review,https://www.reddit.com/r/nba/comments/1ubr597/espn_gregg_popovich_once_called_steve_kerr_to/
"One of the most truly earned titles ever, what a insane postseason run.",analysis,kept as analysis after review,https://www.reddit.com/r/nba/comments/1u5a8fy/the_new_york_knicks_are_your_2026_nba_champions/
Well-deserved for KAT. From being called soft to showing the NBA just how needed and valuable he is on this winning Knicks squad,analysis,"uses specific reasoning, context, or evidence",https://www.reddit.com/r/nba/comments/1u5arnt/highlight_thank_you_mama_i_appreciate_you_getting/
Pop wouldn’t have lost the series by refusing to play Dylan more,analysis,"uses specific reasoning, context, or evidence",https://www.reddit.com/r/nba/comments/1ubr597/espn_gregg_popovich_once_called_steve_kerr_to/
I’m addicted to playing MyGM on 2K so I can’t even imagine getting to do the real thing at the highest level. Pop truly represented the hardworking community of San Antonio.,analysis,kept as analysis after review,https://www.reddit.com/r/nba/comments/1ubr597/espn_gregg_popovich_once_called_steve_kerr_to/
Champagnie played like a 2nd overall pick more than the actual 2nd overall pick in Chet,analysis,kept as analysis after review,https://www.reddit.com/r/nba/comments/1tsj30o/the_oklahoma_city_thunder_have_been_eliminated/
"was rooting for him, glad he won one before butler lol. he carried them in those first few games.",analysis,kept as analysis after review,https://www.reddit.com/r/nba/comments/1u5arnt/highlight_thank_you_mama_i_appreciate_you_getting/
27 consecutive flops not called. Sorry OKC I feel you,analysis,"uses specific reasoning, context, or evidence",https://www.reddit.com/r/nba/comments/1tsj30o/the_oklahoma_city_thunder_have_been_eliminated/
"I appreciate a man who wears his heart on his sleeve. one thing I quickly realized after we traded for kat, is that regardless of how things are going, he’s just a very likable dude.",analysis,"uses specific reasoning, context, or evidence",https://www.reddit.com/r/nba/comments/1u5arnt/highlight_thank_you_mama_i_appreciate_you_getting/
"Welp they don't have to worry about Bridges 5 picks, Kat 60 mil Po, OGs health.",analysis,"uses specific reasoning, context, or evidence",https://www.reddit.com/r/nba/comments/1u5a8fy/the_new_york_knicks_are_your_2026_nba_champions/
He should just stop talking about this stuff at this point. Every time he tries to justify it he comes off looking worse then before,analysis,kept as analysis after review,https://www.reddit.com/r/nba/comments/1ubonhe/durant_on_warriors_i_didnt_have_no_relationship/
"KAT getting a ring could make me cry, shame he kept getting into foul trouble because the Finals MVP was his after the first two games",analysis,"uses specific reasoning, context, or evidence",https://www.reddit.com/r/nba/comments/1u5arnt/highlight_thank_you_mama_i_appreciate_you_getting/
That really was just a generational hate-watch.,analysis,kept as analysis after review,https://www.reddit.com/r/nba/comments/1tsj30o/the_oklahoma_city_thunder_have_been_eliminated/
"Mike Breen must be on top of the world. Native New Yorker, Knicks regional guy, got to call a Knicks championship for ESPN before retirement.",analysis,kept as analysis after review,https://www.reddit.com/r/nba/comments/1u5a8fy/the_new_york_knicks_are_your_2026_nba_champions/
perhaps we shouldnt be calling teams a dynasty after 1 chip lol,analysis,"uses specific reasoning, context, or evidence",https://www.reddit.com/r/nba/comments/1tsj30o/the_oklahoma_city_thunder_have_been_eliminated/
Karl Anthony Towns is the kind of man we need more of in this world. Absolutely impeccable human being and a great fucking player. Been watching since kentucky and nobody has ever deserved this more. Can't wait to hear his hall of fame speech when the day comes.,analysis,"uses specific reasoning, context, or evidence",https://www.reddit.com/r/nba/comments/1u5arnt/highlight_thank_you_mama_i_appreciate_you_getting/
Exactly. He tied Jordan for the most points in a road finals close out. He played out of his mind tonight.,analysis,uses historical/stat comparison,https://www.reddit.com/r/nba/comments/1u5a8fy/the_new_york_knicks_are_your_2026_nba_champions/
"It’s not that, it’s that his team was fading and seemingly throwing in the towel only for him to say nah son, not today.",analysis,explains game situation,https://www.reddit.com/r/nba/comments/1u5a8fy/the_new_york_knicks_are_your_2026_nba_champions/
"Seriously. It seemed like everyone else wanted to either clinch at home or was intimidated by the moment, but Brunson refused.",analysis,explains team context,https://www.reddit.com/r/nba/comments/1u5a8fy/the_new_york_knicks_are_your_2026_nba_champions/
He's also only the third player since Jordan to lead the playoffs in PPG and get the ring. The others are Shaq and LeBron.,analysis,uses historical stat,https://www.reddit.com/r/nba/comments/1u5a8fy/the_new_york_knicks_are_your_2026_nba_champions/
"Completely reverses the FMVP conversation from OG to him in a closeout game, props.",analysis,specific award-context reasoning,https://www.reddit.com/r/nba/comments/1u5a8fy/the_new_york_knicks_are_your_2026_nba_champions/
All the convos on FMVP silenced in one game.,analysis,specific award-context claim,https://www.reddit.com/r/nba/comments/1u5a8fy/the_new_york_knicks_are_your_2026_nba_champions/
Yep. After 2 wins it was Towns. After 3 it was OG. Brunson took that trophy tonight.,analysis,tracks award narrative,https://www.reddit.com/r/nba/comments/1u5a8fy/the_new_york_knicks_are_your_2026_nba_champions/
An amazing run by the Knicks. Congrats. Brunson just proved you can win with a guy my height as your number one option.,analysis,draws basketball conclusion from title,https://www.reddit.com/r/nba/comments/1u5a8fy/the_new_york_knicks_are_your_2026_nba_champions/
"Knicks were just the more consistent team, they deserved it.",analysis,reasoned series evaluation,https://www.reddit.com/r/nba/comments/1u5a8fy/the_new_york_knicks_are_your_2026_nba_champions/
"Mike Breen must be on top of the world. Native New Yorker, Knicks regional guy, got to call a Knicks championship before retirement.",analysis,specific context-based observation,https://www.reddit.com/r/nba/comments/1u5a8fy/the_new_york_knicks_are_your_2026_nba_champions/
You gotta shoutout the front office in this one too. Signing Brunson and trading for Mikal paid off.,analysis,front-office reasoning,https://www.reddit.com/r/nba/comments/1u5a8fy/the_new_york_knicks_are_your_2026_nba_champions/
"Game 2, Wemby loses the game twice with the turnover and the miss. Game 4 was a collapse. Game 5 was an all-around embarrassment.",analysis,specific series breakdown,https://www.reddit.com/r/nba/comments/1u5a8fy/the_new_york_knicks_are_your_2026_nba_champions/
Dolan is not good by any stretch BUT he is always willing to spend to the cap ceiling for both the Knicks and Rangers which is more than some fans can say about their owners.,analysis,gives reasoning about ownership,https://www.reddit.com/r/nba/comments/1u5a8fy/the_new_york_knicks_are_your_2026_nba_champions/
Brunson had 45 and the rest of their team had 49. Build the statue!,analysis,uses stat to support praise,https://www.reddit.com/r/nba/comments/1u5a8fy/the_new_york_knicks_are_your_2026_nba_champions/
Well deserved. They peaked at the right time and looked the best team throughout the playoffs.,analysis,reasoned claim about playoff performance,https://www.reddit.com/r/nba/comments/1u5a8fy/the_new_york_knicks_are_your_2026_nba_champions/
We just watched New York Knicks win the same game 4 times lmao. Should’ve put game one on repeat.,analysis,pattern observation across series,https://www.reddit.com/r/nba/comments/1u5a8fy/the_new_york_knicks_are_your_2026_nba_champions/
"As much as people will say the Spurs choked this series away, the Knicks had the resolve to fight back every game.",analysis,balanced reasoning,https://www.reddit.com/r/nba/comments/1u5a8fy/the_new_york_knicks_are_your_2026_nba_champions/
"Great series, Harper is a scary man and lots of success to come for these Spurs",analysis,specific future-oriented evaluation,https://www.reddit.com/r/nba/comments/1u5a8fy/the_new_york_knicks_are_your_2026_nba_champions/
"Everyone always said you cant win a championship with Brunson as your best player. Well turns out you can win one if youre not sure who your best player is between Brunson, KAT, and OG.",analysis,reasoned counterpoint,https://www.reddit.com/r/nba/comments/1u5a8fy/the_new_york_knicks_are_your_2026_nba_champions/
"Spurs were generationally bad in the clutch but the Knicks were kinda just on one all playoffs. Tons of comebacks, clutch as fuck and just locked in.",analysis,series-level reasoning,https://www.reddit.com/r/nba/comments/1u5a8fy/the_new_york_knicks_are_your_2026_nba_champions/
"45 points in a game where the final score is 94 is crazy work, finals or not. Incredible performance.",analysis,uses specific stat to support praise,https://www.reddit.com/r/nba/comments/1u5a8fy/the_new_york_knicks_are_your_2026_nba_champions/
"Congrats Knicks, tough ass team. Spurs were too green this series, too many lapses and poor execution in key stretches, bench not quite playoff proof.",analysis,specific basketball reasoning,https://www.reddit.com/r/nba/comments/1u5a8fy/the_new_york_knicks_are_your_2026_nba_champions/
Jalen Brunson had 45 points in a closeout game of the NBA finals. Well deserved. Shout out KAT. The guy playing in the playoffs this year is so far improved from the guy who used to play for the Wolves.,analysis,uses performance detail and comparison,https://www.reddit.com/r/nba/comments/1u5a8fy/the_new_york_knicks_are_your_2026_nba_champions/
Crazy that the Spurs had at least a 12 point lead in every game of the finals and blew it. They lost 3 games when winning going into the 4th quarter.,analysis,uses specific series stats,https://www.reddit.com/r/nba/comments/1u5a8fy/the_new_york_knicks_are_your_2026_nba_champions/
Knicks were just the buzz saw team of destiny. Spurs didn’t deserve to win the series after the constant blown leads and bad coaching.,analysis,reasoned series evaluation,https://www.reddit.com/r/nba/comments/1u5a8fy/the_new_york_knicks_are_your_2026_nba_champions/
"As a Knicks fan, this is the kind of story that makes you fall in love with sports. Brunson wasn't supposed to become this. He just kept working and proving people wrong.",analysis,explains player narrative,https://www.reddit.com/r/nba/comments/1u5a8fy/the_new_york_knicks_are_your_2026_nba_champions/
Now we don't have to focus on the blatant flagrant from Wemby on Brunson on that 3pt shot that would have led to an automatic one game suspension. I've never seen a series like this where in every single game the commentators were talking about how inconsistent the refs were.,analysis,specific reasoning about officiating,https://www.reddit.com/r/nba/comments/1u5a8fy/the_new_york_knicks_are_your_2026_nba_champions/
We’re also the first team to win this and the NBA Cup in the same year.,analysis,specific factual comparison,https://www.reddit.com/r/nba/comments/1u5a8fy/the_new_york_knicks_are_your_2026_nba_champions/
Happy for Brunson. He was a guy nobody was convinced could lead a team to a championship.,analysis,player narrative reasoning,https://www.reddit.com/r/nba/comments/1u5a8fy/the_new_york_knicks_are_your_2026_nba_champions/
Congrats to the Knicks for staying level-headed and outcoaching the Spurs. Wemby and his team will get their chance and this is undoubtedly a learning experience for such a young team.,analysis,reasoned evaluation,https://www.reddit.com/r/nba/comments/1u5a8fy/the_new_york_knicks_are_your_2026_nba_champions/
I've always been a proponent of letting the game be physical but it was crazy watching the Spurs beat up Brunson all series. Good on them for persevering through all the BS.,analysis,specific series observation,https://www.reddit.com/r/nba/comments/1u5a8fy/the_new_york_knicks_are_your_2026_nba_champions/
Brunson has had my respect for a long time and he's just so unbelievably crafty on the offensive end.,analysis,basketball reasoning,https://www.reddit.com/r/nba/comments/1u5a8fy/the_new_york_knicks_are_your_2026_nba_champions/
Maybe the Thunder missing two of their top three handlers mattered,analysis,specific basketball reasoning,https://www.reddit.com/r/nba/comments/1u5a8fy/the_new_york_knicks_are_your_2026_nba_champions/
"Jalen Brunson with one of the greatest single game performances of all time this Game 5. Nobody else showed up to score, and he carried them to the win and clinching performance",hot_take,strong opinion or bold claim with limited support,https://www.reddit.com/r/nba/comments/1u5a8fy/the_new_york_knicks_are_your_2026_nba_champions/
73-9 is an underdog in the league 🤣🤡🧁,hot_take,strong opinion or bold claim with limited support,https://www.reddit.com/r/nba/comments/1ubonhe/durant_on_warriors_i_didnt_have_no_relationship/
One of the most dominate yet unexpected champions ever. Somehow the first round team was the only one that took them to 6,hot_take,kept as hot take after review,https://www.reddit.com/r/nba/comments/1u5a8fy/the_new_york_knicks_are_your_2026_nba_champions/
Marked safe from an OKC dynasty for at least two years,hot_take,strong opinion or bold claim with limited support,https://www.reddit.com/r/nba/comments/1tsj30o/the_oklahoma_city_thunder_have_been_eliminated/
Jalen Brunson with the absolute carry job cements himself as the greatest Knick of all time,hot_take,strong opinion or bold claim with limited support,https://www.reddit.com/r/nba/comments/1u5a8fy/the_new_york_knicks_are_your_2026_nba_champions/
This is probably in the top three for dumbest things this guys ever said.,hot_take,strong opinion or bold claim with limited support,https://www.reddit.com/r/nba/comments/1ubonhe/durant_on_warriors_i_didnt_have_no_relationship/
Steve Kerr planting seeds for his next job. Spurs Head Coach.,hot_take,kept as hot take after review,https://www.reddit.com/r/nba/comments/1ubr597/espn_gregg_popovich_once_called_steve_kerr_to/
Softest superstar of all time,hot_take,strong opinion or bold claim with limited support,https://www.reddit.com/r/nba/comments/1ubonhe/durant_on_warriors_i_didnt_have_no_relationship/
"always kinda cringe when you see people say he should retire and enjoy the fruits of his labor. He LOVES the labor, he did it until he physically couldn't anymore and would probably not have it any other way.",hot_take,strong opinion or bold claim with limited support,https://www.reddit.com/r/nba/comments/1ubr597/espn_gregg_popovich_once_called_steve_kerr_to/
I believe this hurts OKC's chances of a back to back.,hot_take,kept as hot take after review,https://www.reddit.com/r/nba/comments/1tsj30o/the_oklahoma_city_thunder_have_been_eliminated/
"One of the most unfairly slandered guys in the league, glad he got a chip.",hot_take,kept as hot take after review,https://www.reddit.com/r/nba/comments/1u5arnt/highlight_thank_you_mama_i_appreciate_you_getting/
KD was very brave to join such a hopeless organisation.,hot_take,kept as hot take after review,https://www.reddit.com/r/nba/comments/1ubonhe/durant_on_warriors_i_didnt_have_no_relationship/
Jalen Brunson has officially reached the Mount Rushmore of the All Time Greatest Knickerbockers,hot_take,strong opinion or bold claim with limited support,https://www.reddit.com/r/nba/comments/1u5a8fy/the_new_york_knicks_are_your_2026_nba_champions/
KD probably the bitchiest superstar ever,hot_take,strong opinion or bold claim with limited support,https://www.reddit.com/r/nba/comments/1ubonhe/durant_on_warriors_i_didnt_have_no_relationship/
The plucky 73-9 underdog team,hot_take,strong opinion or bold claim with limited support,https://www.reddit.com/r/nba/comments/1ubonhe/durant_on_warriors_i_didnt_have_no_relationship/
Bro genuinely lives in his own reality,hot_take,strong opinion or bold claim with limited support,https://www.reddit.com/r/nba/comments/1ubonhe/durant_on_warriors_i_didnt_have_no_relationship/
LMAO this dude is still tryna convince himself he didn't take the easiest way out,hot_take,kept as hot take after review,https://www.reddit.com/r/nba/comments/1ubonhe/durant_on_warriors_i_didnt_have_no_relationship/
Imagine saying 2 years ago that KAT will have his number retired by 2 franchises,hot_take,kept as hot take after review,https://www.reddit.com/r/nba/comments/1u5arnt/highlight_thank_you_mama_i_appreciate_you_getting/
KAT is one of the most likable guys in the league by far.,hot_take,kept as hot take after review,https://www.reddit.com/r/nba/comments/1u5arnt/highlight_thank_you_mama_i_appreciate_you_getting/
Are NBA front offices enabling this addictive behavior?,hot_take,kept as hot take after review,https://www.reddit.com/r/nba/comments/1ubr597/espn_gregg_popovich_once_called_steve_kerr_to/
As a man if I outsmarted 90+% of every coach my dick would be hard non stop i can see why it's addicting,hot_take,kept as hot take after review,https://www.reddit.com/r/nba/comments/1ubr597/espn_gregg_popovich_once_called_steve_kerr_to/
KAT is honestly one of the most likable players in the league.,hot_take,kept as hot take after review,https://www.reddit.com/r/nba/comments/1u5arnt/highlight_thank_you_mama_i_appreciate_you_getting/
Is this how it felt when Germany surrendered in WW2?,hot_take,kept as hot take after review,https://www.reddit.com/r/nba/comments/1tsj30o/the_oklahoma_city_thunder_have_been_eliminated/
Better than the 96 Bulls they said. Better than the 2017 Warriors. They ain't even better than the 1996 Sonics 😭😭,hot_take,kept as hot take after review,https://www.reddit.com/r/nba/comments/1tsj30o/the_oklahoma_city_thunder_have_been_eliminated/
This is like the Allied powers winning in WW2,hot_take,kept as hot take after review,https://www.reddit.com/r/nba/comments/1tsj30o/the_oklahoma_city_thunder_have_been_eliminated/
If you ever feel incompetent. Just remember that the Kings fired Mike Brown last year.,hot_take,kept as hot take after review,https://www.reddit.com/r/nba/comments/1u5a8fy/the_new_york_knicks_are_your_2026_nba_champions/
OKC Dynasty 2025-2025 RIP,hot_take,strong opinion or bold claim with limited support,https://www.reddit.com/r/nba/comments/1tsj30o/the_oklahoma_city_thunder_have_been_eliminated/
Wu Tang with the generational aura flip,hot_take,kept as hot take after review,https://www.reddit.com/r/nba/comments/1u5a8fy/the_new_york_knicks_are_your_2026_nba_champions/
lol KD my dude… they won just as many championships without you as they did WITH you.,hot_take,kept as hot take after review,https://www.reddit.com/r/nba/comments/1ubonhe/durant_on_warriors_i_didnt_have_no_relationship/
My takeaway of this finals is becoming a fan of KAT. Losing your mom early is an awful thing to go through (I'm the same age and lost my mom 2 years ago) and it really has the potential to ruin you. He honored her in the greatest way possible and inspires me to do my best for my mom,hot_take,strong opinion or bold claim with limited support,https://www.reddit.com/r/nba/comments/1u5arnt/highlight_thank_you_mama_i_appreciate_you_getting/
If anyone trades with a Minnesota team they are guaranteed a championship.,hot_take,unsupported claim,https://www.reddit.com/r/nba/comments/1u5a8fy/the_new_york_knicks_are_your_2026_nba_champions/
This man is about to be worshipped in NYC for generations.,hot_take,bold legacy claim,https://www.reddit.com/r/nba/comments/1u5a8fy/the_new_york_knicks_are_your_2026_nba_champions/
"One is young, the other just sucks ass.",hot_take,strong unsupported criticism,https://www.reddit.com/r/nba/comments/1u5a8fy/the_new_york_knicks_are_your_2026_nba_champions/
Scott Foster tried.,hot_take,unsupported referee claim,https://www.reddit.com/r/nba/comments/1u5a8fy/the_new_york_knicks_are_your_2026_nba_champions/
Horrible coaching and frustrating to watch Wemby play in the second halves along with the entire team.,hot_take,strong criticism,https://www.reddit.com/r/nba/comments/1u5a8fy/the_new_york_knicks_are_your_2026_nba_champions/
Scott Foster has got to be so pissed at Fox rn.,hot_take,joking unsupported opinion,https://www.reddit.com/r/nba/comments/1u5a8fy/the_new_york_knicks_are_your_2026_nba_champions/
Lock for 6th man of the year,hot_take,unsupported award claim,https://www.reddit.com/r/nba/comments/1u5a8fy/the_new_york_knicks_are_your_2026_nba_champions/
Is there any owner more unlikable than Dolan?,hot_take,strong opinion question,https://www.reddit.com/r/nba/comments/1u5a8fy/the_new_york_knicks_are_your_2026_nba_champions/
But I thought the WCF were the real finals?,hot_take,sarcastic unsupported claim,https://www.reddit.com/r/nba/comments/1u5a8fy/the_new_york_knicks_are_your_2026_nba_champions/
Mamdani should be mayor for life because of this,hot_take,exaggerated unsupported claim,https://www.reddit.com/r/nba/comments/1u5a8fy/the_new_york_knicks_are_your_2026_nba_champions/
"Absolutely hysterical that Danhausen uncurses the Knicks and they go on an absolutely generational tear, with the only game they lost being the one that Trump showed up to.",hot_take,meme-based causal claim,https://www.reddit.com/r/nba/comments/1u5a8fy/the_new_york_knicks_are_your_2026_nba_champions/
Remember that post about how the WCF was the real finals?,hot_take,sarcastic debate comment,https://www.reddit.com/r/nba/comments/1u5a8fy/the_new_york_knicks_are_your_2026_nba_champions/
Remember when the Knicks were rejected by like 15 coaches and settled for Mike Brown,hot_take,sarcastic framing,https://www.reddit.com/r/nba/comments/1u5a8fy/the_new_york_knicks_are_your_2026_nba_champions/
Everyone better than Brunson till it's time to be better than Brunson,hot_take,bold player claim,https://www.reddit.com/r/nba/comments/1u5a8fy/the_new_york_knicks_are_your_2026_nba_champions/
"Jalen Brunson. Too slow, too small, TOO GOOD",hot_take,bold player praise,https://www.reddit.com/r/nba/comments/1u5a8fy/the_new_york_knicks_are_your_2026_nba_champions/
Brunson is a 1A,hot_take,unsupported player ranking claim,https://www.reddit.com/r/nba/comments/1u5a8fy/the_new_york_knicks_are_your_2026_nba_champions/
My goat Scott Foster's washed,hot_take,unsupported joking claim,https://www.reddit.com/r/nba/comments/1u5a8fy/the_new_york_knicks_are_your_2026_nba_champions/
Brunson is their best player,hot_take,short unsupported claim,https://www.reddit.com/r/nba/comments/1u5a8fy/the_new_york_knicks_are_your_2026_nba_champions/
I think we know who the best is now,hot_take,unsupported claim,https://www.reddit.com/r/nba/comments/1u5a8fy/the_new_york_knicks_are_your_2026_nba_champions/
OG and KAT aren't on Brunson's level. And I love OG,hot_take,strong unsupported comparison,https://www.reddit.com/r/nba/comments/1u5a8fy/the_new_york_knicks_are_your_2026_nba_champions/
"And they didn't even need LeBron James, like they thought they did in 2010. It just took 15 extra years and Jalen Brunson.",hot_take,historical joke and bold claim,https://www.reddit.com/r/nba/comments/1u5a8fy/the_new_york_knicks_are_your_2026_nba_champions/
JALEN BRUNSON IS THE BEST PG IN THE NBA. SAY IT WITH US,hot_take,bold unsupported ranking,https://www.reddit.com/r/nba/comments/1u5a8fy/the_new_york_knicks_are_your_2026_nba_champions/
Wemby doesn't congratulate Knicks weak shit,hot_take,strong negative opinion,https://www.reddit.com/r/nba/comments/1u5a8fy/the_new_york_knicks_are_your_2026_nba_champions/
Well deserved. Spurs fans in absolute shambles right now. Choked another huge lead and took the L on their own home court.,hot_take,provocative opinion,https://www.reddit.com/r/nba/comments/1u5a8fy/the_new_york_knicks_are_your_2026_nba_champions/
ONLY THE ATLANTA HAWKS BROUGHT THE KNICKS TO A GAME 6. ATLANTA HAWKS CONFIRMED BETTER THAN THESE BUM SPURS.,hot_take,joking unsupported comparison,https://www.reddit.com/r/nba/comments/1u5a8fy/the_new_york_knicks_are_your_2026_nba_champions/
This fucking Spurs team might become a dynasty now so I am very happy my Knicks team stopped them at least a year before they were ready.,hot_take,speculative bold claim,https://www.reddit.com/r/nba/comments/1u5a8fy/the_new_york_knicks_are_your_2026_nba_champions/
Jalen Brunson. Greatest Knick of all time. Good luck NYPD lmaoo,hot_take,bold legacy claim,https://www.reddit.com/r/nba/comments/1u5a8fy/the_new_york_knicks_are_your_2026_nba_champions/
Wemby such a sore loser wtf,hot_take,strong negative opinion,https://www.reddit.com/r/nba/comments/1u5a8fy/the_new_york_knicks_are_your_2026_nba_champions/
This only confirms the strength of the Trump curse,hot_take,unsupported meme claim,https://www.reddit.com/r/nba/comments/1u5a8fy/the_new_york_knicks_are_your_2026_nba_champions/
JALEN BRUNSON IS A NEW YORK HERO,hot_take,bold praise,https://www.reddit.com/r/nba/comments/1u5a8fy/the_new_york_knicks_are_your_2026_nba_champions/
Guys I'm beginning to think the western conference finals was not the real NBA finals,hot_take,sarcastic unsupported claim,https://www.reddit.com/r/nba/comments/1u5a8fy/the_new_york_knicks_are_your_2026_nba_champions/
They not only demolished the Spurs this series but they demolished the referees best attempts,hot_take,strong unsupported referee claim,https://www.reddit.com/r/nba/comments/1u5a8fy/the_new_york_knicks_are_your_2026_nba_champions/
I've seen superstar calls and protection but what Wemby got away with is a new level.,hot_take,strong referee opinion,https://www.reddit.com/r/nba/comments/1u5a8fy/the_new_york_knicks_are_your_2026_nba_champions/
Mike Brown won a championship before Fox.,hot_take,short ironic claim,https://www.reddit.com/r/nba/comments/1u5a8fy/the_new_york_knicks_are_your_2026_nba_champions/
Lmaoooooooooooo beating the Thunder was their championship lmaooooo,hot_take,provocative unsupported claim,https://www.reddit.com/r/nba/comments/1u5a8fy/the_new_york_knicks_are_your_2026_nba_champions/
Spurs fans still think they're champs because they were leading most of the series,hot_take,mocking unsupported claim,https://www.reddit.com/r/nba/comments/1u5a8fy/the_new_york_knicks_are_your_2026_nba_champions/
"2025 NBA Cup Champs, 2026 NBA Champions. Book it. Knicks for life.",hot_take,bold prediction-style claim,https://www.reddit.com/r/nba/comments/1u5a8fy/the_new_york_knicks_are_your_2026_nba_champions/
FINALS MVP FOX,hot_take,sarcastic unsupported claim,https://www.reddit.com/r/nba/comments/1u5a8fy/the_new_york_knicks_are_your_2026_nba_champions/
Jalen Brunson saved basketball,hot_take,bold exaggerated claim,https://www.reddit.com/r/nba/comments/1u5a8fy/the_new_york_knicks_are_your_2026_nba_champions/
Brunson won’t have to pay for lunch ever again in his life,hot_take,exaggerated praise,https://www.reddit.com/r/nba/comments/1u5a8fy/the_new_york_knicks_are_your_2026_nba_champions/
"The Spurs are so fucking bad at closing out games, holy shit dude.",reaction,emotional or event-based reaction,https://www.reddit.com/r/nba/comments/1u5a8fy/the_new_york_knicks_are_your_2026_nba_champions/
coaches are sick puppies,reaction,short immediate reaction,https://www.reddit.com/r/nba/comments/1ubr597/espn_gregg_popovich_once_called_steve_kerr_to/
THE KNICKS WIN!!!!,reaction,emotional or event-based reaction,https://www.reddit.com/r/nba/comments/1u5a8fy/the_new_york_knicks_are_your_2026_nba_champions/
BIG OLE WOMEN DOWN BAD,reaction,emotional or event-based reaction,https://www.reddit.com/r/nba/comments/1u5a8fy/the_new_york_knicks_are_your_2026_nba_champions/
START SPREADING THE NEWS,reaction,emotional or event-based reaction,https://www.reddit.com/r/nba/comments/1u5a8fy/the_new_york_knicks_are_your_2026_nba_champions/
Just happy Ewing is alive to see this,reaction,kept as reaction after review,https://www.reddit.com/r/nba/comments/1u5a8fy/the_new_york_knicks_are_your_2026_nba_champions/
love this guy man,reaction,short immediate reaction,https://www.reddit.com/r/nba/comments/1u5arnt/highlight_thank_you_mama_i_appreciate_you_getting/
"""Fuck you, Becky Hammon."" -Every New Yorker",reaction,kept as reaction after review,https://www.reddit.com/r/nba/comments/1u5a8fy/the_new_york_knicks_are_your_2026_nba_champions/
WE DIIIIIIIIIIIID IT!!!!!!!!!!,reaction,emotional or event-based reaction,https://www.reddit.com/r/nba/comments/1tsj30o/the_oklahoma_city_thunder_have_been_eliminated/
THANK YOU BRUNSON THIS IS THE FIRST TIME IM WITNESSING ANY OF MY TEAMS WIN,reaction,emotional or event-based reaction,https://www.reddit.com/r/nba/comments/1u5a8fy/the_new_york_knicks_are_your_2026_nba_champions/
Brunson is going to be an actual god in new York.,reaction,kept as reaction after review,https://www.reddit.com/r/nba/comments/1u5a8fy/the_new_york_knicks_are_your_2026_nba_champions/
Man shut up KD. You know exactly what you did,reaction,kept as reaction after review,https://www.reddit.com/r/nba/comments/1ubonhe/durant_on_warriors_i_didnt_have_no_relationship/
Castle and Fox yikes,reaction,short immediate reaction,https://www.reddit.com/r/nba/comments/1u5a8fy/the_new_york_knicks_are_your_2026_nba_champions/
FUCK YOU FLOPPERS EVERYONE GET IN HERE,reaction,emotional or event-based reaction,https://www.reddit.com/r/nba/comments/1tsj30o/the_oklahoma_city_thunder_have_been_eliminated/
"Made me tear up, very well deserved KAT",reaction,emotional or event-based reaction,https://www.reddit.com/r/nba/comments/1u5arnt/highlight_thank_you_mama_i_appreciate_you_getting/
Holy shit what a game,reaction,emotional or event-based reaction,https://www.reddit.com/r/nba/comments/1tsj30o/the_oklahoma_city_thunder_have_been_eliminated/
What is this lunatic even saying,reaction,kept as reaction after review,https://www.reddit.com/r/nba/comments/1ubonhe/durant_on_warriors_i_didnt_have_no_relationship/
The Corgi went 7/7!,reaction,short immediate reaction,https://www.reddit.com/r/nba/comments/1tsj30o/the_oklahoma_city_thunder_have_been_eliminated/
damn KD really is just a fucking douchebag. Sad,reaction,kept as reaction after review,https://www.reddit.com/r/nba/comments/1ubonhe/durant_on_warriors_i_didnt_have_no_relationship/
You deserve it kat,reaction,short immediate reaction,https://www.reddit.com/r/nba/comments/1u5arnt/highlight_thank_you_mama_i_appreciate_you_getting/
"I love you KAT, first person I went up to was my mother.",reaction,emotional or event-based reaction,https://www.reddit.com/r/nba/comments/1u5arnt/highlight_thank_you_mama_i_appreciate_you_getting/
KAT finally won a chip. He’s had so much potential and been in the league so long. It’s so freaking hard to win a chip. All I can think of jimmy butler hating on this man to horrendous degrees,reaction,kept as reaction after review,https://www.reddit.com/r/nba/comments/1u5arnt/highlight_thank_you_mama_i_appreciate_you_getting/
God I love him. I hope he wears a Wolves jersey again before hanging it up.,reaction,emotional or event-based reaction,https://www.reddit.com/r/nba/comments/1u5arnt/highlight_thank_you_mama_i_appreciate_you_getting/
He’s the first man to successfully ring chase and still live in insecurity about how he got them lol,reaction,kept as reaction after review,https://www.reddit.com/r/nba/comments/1ubonhe/durant_on_warriors_i_didnt_have_no_relationship/
El Jefe forever!,reaction,short immediate reaction,https://www.reddit.com/r/nba/comments/1ubr597/espn_gregg_popovich_once_called_steve_kerr_to/
"EVERYONE, GET IN HERE!!!!",reaction,emotional or event-based reaction,https://www.reddit.com/r/nba/comments/1tsj30o/the_oklahoma_city_thunder_have_been_eliminated/
Lmao get a fucking grip,reaction,short immediate reaction,https://www.reddit.com/r/nba/comments/1ubonhe/durant_on_warriors_i_didnt_have_no_relationship/
99 Rematch it is,reaction,short immediate reaction,https://www.reddit.com/r/nba/comments/1tsj30o/the_oklahoma_city_thunder_have_been_eliminated/
Mamdani needs to get that Giant Knicks jersey for the Statue of Liberty ordered ASAP in time for the parade.,reaction,celebration joke,https://www.reddit.com/r/nba/comments/1u5a8fy/the_new_york_knicks_are_your_2026_nba_champions/
"Lmao Josh Hart is hilarious in this ending ceremony. Ay, forget them picks, forget them picks!",reaction,reaction to ceremony,https://www.reddit.com/r/nba/comments/1u5a8fy/the_new_york_knicks_are_your_2026_nba_champions/
NYC GONNA BURN DOWN.,reaction,event reaction,https://www.reddit.com/r/nba/comments/1u5a8fy/the_new_york_knicks_are_your_2026_nba_champions/
Pray for the city.,reaction,event reaction,https://www.reddit.com/r/nba/comments/1u5a8fy/the_new_york_knicks_are_your_2026_nba_champions/
KG and KAT are the two who I will still never regret though. Those dudes stuck it out for us.,reaction,fan reflection,https://www.reddit.com/r/nba/comments/1u5a8fy/the_new_york_knicks_are_your_2026_nba_champions/
Damn even Jeff Teague won a chip with the Bucks.,reaction,meme reaction,https://www.reddit.com/r/nba/comments/1u5a8fy/the_new_york_knicks_are_your_2026_nba_champions/
FUCK YA LIFE.,reaction,celebratory meme,https://www.reddit.com/r/nba/comments/1u5a8fy/the_new_york_knicks_are_your_2026_nba_champions/
You thought we were obnoxious before...,reaction,fan reaction,https://www.reddit.com/r/nba/comments/1u5a8fy/the_new_york_knicks_are_your_2026_nba_champions/
Congrats Knicks fans.,reaction,congratulatory reaction,https://www.reddit.com/r/nba/comments/1u5a8fy/the_new_york_knicks_are_your_2026_nba_champions/
GET IN HERE. MITCH ROB WITH ONE OF HIS BIGGEST REBOUNDS OF HIS CAREER. BRUNSON WITH 46. LETTTTSSS GOOOOOOOO.,reaction,celebratory reaction with moment reference,https://www.reddit.com/r/nba/comments/1u5a8fy/the_new_york_knicks_are_your_2026_nba_champions/
The last time the Knicks won was when my Dad first came to the United States. He is now 84 and in shock.,reaction,personal emotional reaction,https://www.reddit.com/r/nba/comments/1u5a8fy/the_new_york_knicks_are_your_2026_nba_champions/
I LOVE YOU OG.,reaction,emotional response,https://www.reddit.com/r/nba/comments/1u5a8fy/the_new_york_knicks_are_your_2026_nba_champions/
FUCK THEM PICKS. THE POWER OF FRIENDSHIP PREVAILS.,reaction,celebratory meme,https://www.reddit.com/r/nba/comments/1u5a8fy/the_new_york_knicks_are_your_2026_nba_champions/
Wemby just walked off without shaking hands?,reaction,event reaction,https://www.reddit.com/r/nba/comments/1u5a8fy/the_new_york_knicks_are_your_2026_nba_champions/
Off to go meditate on another mountain.,reaction,meme reaction,https://www.reddit.com/r/nba/comments/1u5a8fy/the_new_york_knicks_are_your_2026_nba_champions/
All the sacrifices were worth it. Brunson proved everyone wrong.,reaction,emotional fan reflection,https://www.reddit.com/r/nba/comments/1u5a8fy/the_new_york_knicks_are_your_2026_nba_champions/
I have no idea how you can have a double digit lead late into nearly every game and blow each one.,reaction,frustrated reaction,https://www.reddit.com/r/nba/comments/1u5a8fy/the_new_york_knicks_are_your_2026_nba_champions/
"Did you hear Brunson as he was hugging his mom and dad and then saw his wife, walked up and said get your white ass in here? Beautiful moment, also hilarious.",reaction,emotional response to celebration moment,https://www.reddit.com/r/nba/comments/1u5a8fy/the_new_york_knicks_are_your_2026_nba_champions/
Fox is an NBA championnnn,reaction,short celebration reaction,https://www.reddit.com/r/nba/comments/1u5a8fy/the_new_york_knicks_are_your_2026_nba_champions/
Fox will never be allowed near big ole San Antonio women again,reaction,meme-style reaction,https://www.reddit.com/r/nba/comments/1u5a8fy/the_new_york_knicks_are_your_2026_nba_champions/
FUCK THEM PIIIIIICKS WE CHAMPS SEND THE NETS A COUPLE OF SECONDS AS A TIP,reaction,celebratory emotional response,https://www.reddit.com/r/nba/comments/1u5a8fy/the_new_york_knicks_are_your_2026_nba_champions/
genuinely never thought I’d see a win with him as the owner lol,reaction,personal emotional response,https://www.reddit.com/r/nba/comments/1u5a8fy/the_new_york_knicks_are_your_2026_nba_champions/
Credit to the Knicks. They did that shit,reaction,short praise reaction,https://www.reddit.com/r/nba/comments/1u5a8fy/the_new_york_knicks_are_your_2026_nba_champions/
KAT won a ring before Butler lolol,reaction,meme reaction,https://www.reddit.com/r/nba/comments/1u5a8fy/the_new_york_knicks_are_your_2026_nba_champions/
Danhausen broke the curse!,reaction,celebratory meme reaction,https://www.reddit.com/r/nba/comments/1u5a8fy/the_new_york_knicks_are_your_2026_nba_champions/
Only lost when the orange man was there. Knicks are champs. So good to watch and see this happen for their fanbase.,reaction,emotional celebration,https://www.reddit.com/r/nba/comments/1u5a8fy/the_new_york_knicks_are_your_2026_nba_champions/
Fuck Trump. Fuck James Dolan,reaction,emotional reaction,https://www.reddit.com/r/nba/comments/1u5a8fy/the_new_york_knicks_are_your_2026_nba_champions/
They knew they had to win in San Antonio because winning at MSG might have leveled the city. Now it’ll be half left standing.,reaction,humorous emotional reaction,https://www.reddit.com/r/nba/comments/1u5a8fy/the_new_york_knicks_are_your_2026_nba_champions/
I cried ngl,reaction,personal emotional response,https://www.reddit.com/r/nba/comments/1u5a8fy/the_new_york_knicks_are_your_2026_nba_champions/
"Brother, same. I was crying while ordering an NBA champs hoodie and it hit me that it actually happened after all of these years.",reaction,personal emotional response,https://www.reddit.com/r/nba/comments/1u5a8fy/the_new_york_knicks_are_your_2026_nba_champions/
I sobbed in my girl’s arms,reaction,personal emotional response,https://www.reddit.com/r/nba/comments/1u5a8fy/the_new_york_knicks_are_your_2026_nba_champions/
"Watching the Knicks for 30 years, I can’t believe it.",reaction,personal emotional response,https://www.reddit.com/r/nba/comments/1u5a8fy/the_new_york_knicks_are_your_2026_nba_champions/
"Landry Shamet is an NBA Champion, WOOOOOOOOOOOOO",reaction,celebratory reaction,https://www.reddit.com/r/nba/comments/1u5a8fy/the_new_york_knicks_are_your_2026_nba_champions/
Well played well played,reaction,short praise reaction,https://www.reddit.com/r/nba/comments/1u5a8fy/the_new_york_knicks_are_your_2026_nba_champions/
Great hard fought series.,reaction,short reaction,https://www.reddit.com/r/nba/comments/1u5a8fy/the_new_york_knicks_are_your_2026_nba_champions/
KAT got a ring before Jimmy Butler lmao,reaction,meme reaction,https://www.reddit.com/r/nba/comments/1u5a8fy/the_new_york_knicks_are_your_2026_nba_champions/
"You earned it New York, enjoy it. Great run, great team.",reaction,congratulatory reaction,https://www.reddit.com/r/nba/comments/1u5a8fy/the_new_york_knicks_are_your_2026_nba_champions/
CALL THE NATIONAL GUARD,reaction,emotional exaggerated reaction,https://www.reddit.com/r/nba/comments/1u5a8fy/the_new_york_knicks_are_your_2026_nba_champions/
"CONGRAATS, see yall next year gonna cry myself to sleep",reaction,emotional response,https://www.reddit.com/r/nba/comments/1u5a8fy/the_new_york_knicks_are_your_2026_nba_champions/
I never thought I'd see that day to see a thread like this.,reaction,personal emotional response,https://www.reddit.com/r/nba/comments/1u5a8fy/the_new_york_knicks_are_your_2026_nba_champions/
PRAY FOR NYC,reaction,event reaction,https://www.reddit.com/r/nba/comments/1u5a8fy/the_new_york_knicks_are_your_2026_nba_champions/
DeAaron Fox 4 years 229 million contract kicks in this upcoming season. Jesus fucking christ,reaction,emotional response to contract,https://www.reddit.com/r/nba/comments/1u5a8fy/the_new_york_knicks_are_your_2026_nba_champions/
NEW YORK KNICKS NUMBER ONE BABY NAME THE BEST TEAM IN THE NBA NAME THE DEFENDING NBA CHAMPIONS THE NEW YORK KNICKS,reaction,celebratory reaction,https://www.reddit.com/r/nba/comments/1u5a8fy/the_new_york_knicks_are_your_2026_nba_champions/
So so so happy for KAT and Brunson,reaction,emotional reaction,https://www.reddit.com/r/nba/comments/1u5a8fy/the_new_york_knicks_are_your_2026_nba_champions/
NYC gonna be turned to ashes tomorrow morning,reaction,emotional exaggerated reaction,https://www.reddit.com/r/nba/comments/1u5a8fy/the_new_york_knicks_are_your_2026_nba_champions/
Vibes are excellent right now in Brooklyn. But headed home before things get weird,reaction,personal event reaction,https://www.reddit.com/r/nba/comments/1u5a8fy/the_new_york_knicks_are_your_2026_nba_champions/
Congrats to all the Knicks fans,reaction,congratulatory reaction,https://www.reddit.com/r/nba/comments/1u5a8fy/the_new_york_knicks_are_your_2026_nba_champions/
YO FUCK THEM PICKS lol,reaction,celebratory meme reaction,https://www.reddit.com/r/nba/comments/1u5a8fy/the_new_york_knicks_are_your_2026_nba_champions/
Never thought I'd see the day. I love this team with all my heart. Lets fucking go Knicks,reaction,personal emotional response,https://www.reddit.com/r/nba/comments/1u5a8fy/the_new_york_knicks_are_your_2026_nba_champions/
Godspeed New York City. I hope to wake up in the morning to see you still standing.,reaction,event reaction,https://www.reddit.com/r/nba/comments/1u5a8fy/the_new_york_knicks_are_your_2026_nba_champions/
Knicks were an incredible team to watch this postseason and finals. So happy for these guys.,reaction,positive emotional response,https://www.reddit.com/r/nba/comments/1u5a8fy/the_new_york_knicks_are_your_2026_nba_champions/
"LETS FUCKING GO. I've only waited my whole life for this, now my team are champs.",reaction,emotional celebration,https://www.reddit.com/r/nba/comments/1u5a8fy/the_new_york_knicks_are_your_2026_nba_champions/
Spider-Man is gonna have the hardest night of his entire life,reaction,joking event reaction,https://www.reddit.com/r/nba/comments/1u5a8fy/the_new_york_knicks_are_your_2026_nba_champions/
"This is a long time coming. I remember how much it hurt to watch the Knicks lose year after year, but today we stand atop the mountain.",reaction,personal emotional reflection,https://www.reddit.com/r/nba/comments/1u5a8fy/the_new_york_knicks_are_your_2026_nba_champions/
From one blue and orange team to another,reaction,short supportive reaction,https://www.reddit.com/r/nba/comments/1u5a8fy/the_new_york_knicks_are_your_2026_nba_champions/
Can’t believe I actually got to witness these words on my screen and it actually be real.,reaction,personal emotional response,https://www.reddit.com/r/nba/comments/1u5a8fy/the_new_york_knicks_are_your_2026_nba_champions/
Every New York song you can imagine is going to be blasting all weekend long,reaction,event reaction,https://www.reddit.com/r/nba/comments/1u5a8fy/the_new_york_knicks_are_your_2026_nba_champions/
I love this team,reaction,emotional response,https://www.reddit.com/r/nba/comments/1u5a8fy/the_new_york_knicks_are_your_2026_nba_champions/
Air corgi was wrong. Congrats to the NYC Knicks.,reaction,celebratory reaction,https://www.reddit.com/r/nba/comments/1u5a8fy/the_new_york_knicks_are_your_2026_nba_champions/
So sad I’m out of town. Luckily coming back tomorrow. Let’s see if my apartment building is still standing,reaction,personal event reaction,https://www.reddit.com/r/nba/comments/1u5a8fy/the_new_york_knicks_are_your_2026_nba_champions/
